{"cameraMode":{"drawMode":0,"name":"Shaded","section":"Shading Mode"},"sceneLighting":true,"audioPlay":false,"sceneViewState":{"m_AlwaysRefresh":false,"showFog":true,"showSkybox":true,"showFlares":true,"showImageEffects":true,"showParticleSystems":true,"showVisualEffectGraphs":true,"m_FxEnabled":true},"in2DMode":false,"pivot":{"x":-1.4065113067626954,"y":1.4785940647125245,"z":0.47358834743499758},"rotation":{"x":0.1439497172832489,"y":0.7898329496383667,"z":-0.20048537850379945,"w":0.5619879961013794},"size":2.3678603172302248,"orthographic":true}